{
  "accuracy": 0.11688311688311688,
  "precision": {
    "Explicit": 0.5161290322580645,
    "Implicit": 0.21739130434782608,
    "General": 0.2857142857142857,
    "Partial/half-answer": 0.0,
    "Dodging": 0.3076923076923077,
    "Deflection": 0.0,
    "Declining to answer": 0.5,
    "Claims ignorance": 0.16666666666666666,
    "Clarification": 0.0
  },
  "recall": {
    "Explicit": 0.20253164556962025,
    "Implicit": 0.07462686567164178,
    "General": 0.12307692307692308,
    "Partial/half-answer": 0.0,
    "Dodging": 0.08,
    "Deflection": 0.0,
    "Declining to answer": 0.09090909090909091,
    "Claims ignorance": 0.25,
    "Clarification": 0.0
  },
  "f1": {
    "Explicit": 0.2909090909090909,
    "Implicit": 0.1111111111111111,
    "General": 0.17204301075268819,
    "Partial/half-answer": 0.0,
    "Dodging": 0.12698412698412698,
    "Deflection": 0.0,
    "Declining to answer": 0.15384615384615385,
    "Claims ignorance": 0.2,
    "Clarification": 0.0
  }
}