{
  "accuracy": 0.2305194805194805,
  "precision": {
    "Clear Reply": 0.5161290322580645,
    "Ambivalent": 0.7285714285714285,
    "Clear Non-Reply": 0.2222222222222222
  },
  "recall": {
    "Clear Reply": 0.20253164556962025,
    "Ambivalent": 0.24757281553398058,
    "Clear Non-Reply": 0.17391304347826086
  },
  "f1": {
    "Clear Reply": 0.2909090909090909,
    "Ambivalent": 0.3695652173913043,
    "Clear Non-Reply": 0.1951219512195122
  }
}