{
  "accuracy": 0.2727272727272727,
  "precision": {
    "Clear Reply": 0.2727272727272727,
    "Ambivalent": 0.6666666666666666,
    "Clear Non-Reply": 0.24390243902439024
  },
  "recall": {
    "Clear Reply": 0.759493670886076,
    "Ambivalent": 0.019417475728155338,
    "Clear Non-Reply": 0.8695652173913043
  },
  "f1": {
    "Clear Reply": 0.4013377926421405,
    "Ambivalent": 0.03773584905660377,
    "Clear Non-Reply": 0.38095238095238093
  }
}