{
  "accuracy": 0.6948051948051948,
  "precision": {
    "Clear Reply": 0.6538461538461539,
    "Ambivalent": 0.746938775510204,
    "Clear Non-Reply": 0.42424242424242425
  },
  "recall": {
    "Clear Reply": 0.21518987341772153,
    "Ambivalent": 0.8883495145631068,
    "Clear Non-Reply": 0.6086956521739131
  },
  "f1": {
    "Clear Reply": 0.3238095238095238,
    "Ambivalent": 0.811529933481153,
    "Clear Non-Reply": 0.5
  }
}